seqID,source,feature,start,end,score,strand,phase,attributes,name,strand num,sRNA_type,sequence
NC_000913.2,RendSeq,sRNA,75517,75608,.,-,.,name=sroA; E_coli_WT; start_dist=-0.0; stop_dist=-1.0; sRNA_type=intergenic,sroA,2,intergenic,GTTCTCAACGGGGTGCCACGCGTACGCGTGCGCTGAGAAAATACCCGTCGAACCTGATCCGGATAACGCCGGCGAAGGGATTTGAGGCTCCT
NC_000913.2,RendSeq,sRNA,92418,92658,.,+,.,name=ftsI_ftsO; E_coli_WT; start_dist=-67.0; stop_dist=0.0; sRNA_type=intragenic,ftsI_ftsO,1,intragenic,ATTAACGGCCACGAAATCAAAGACGTGGCACGCTACAGCGAATTAACCCTGACCGGGGTATTACAGAAGTCGAGTAACGTCGGTGTTTCCAAGCTGGCGTTAGCGATGCCGTCCTCAGCGTTAGTAGATACTTACTCACGTTTTGGACTGGGAAAAGCGACCAATTTGGGGTTGGTCGGAGAACGCAGTGGCTTATATCCTCAAAAACAACGGTGGTCTGACATAGAGAGGGCCACCTTCT
NC_000913.2,RendSeq,sRNA,92485,92658,.,+,.,name=ftsI_ftsO; E_coli_WT; start_dist=0.0; stop_dist=0.0; sRNA_type=intragenic,ftsI_ftsO,1,intragenic,AGTCGAGTAACGTCGGTGTTTCCAAGCTGGCGTTAGCGATGCCGTCCTCAGCGTTAGTAGATACTTACTCACGTTTTGGACTGGGAAAAGCGACCAATTTGGGGTTGGTCGGAGAACGCAGTGGCTTATATCCTCAAAAACAACGGTGGTCTGACATAGAGAGGGCCACCTTCT
NC_000913.2,RendSeq,sRNA,344476,344638,.,+,.,name=xtpA_yahM; E_coli_WT; start_dist=0.0; stop_dist=-20.0; sRNA_type=5'UTR,xtpA_yahM,1,5'UTR,ATGGATTACCCTGATCACCCGGTTAAGTTTGTTTTTCACATACTTGAAAATCAAAAAGGGACAGTTTGGGTATATGACCAGGATGATGCGTTTCTTGATATTAAAGCAAACGTGCAGGCTGGACGCTTTACCGGGCTTAAGAAATTAGTGCAGTTTATCGATT
NC_000913.2,RendSeq,sRNA,506428,506511,.,+,.,name=chiX; E_coli_WT; start_dist=0.0; stop_dist=0.0; sRNA_type=independent,chiX,1,independent,ATATCCGCGCCTTGATAACAAACCGGGCTATGTGAATACCGGCTTTATTGATGCCGAAGTGCTGAAAGCGTATATCCAGAAAAG
NC_000913.2,RendSeq,sRNA,573589,573735,.,-,.,name=ipeX; E_coli_WT; start_dist=3.0; stop_dist=1.0; sRNA_type=independent,ipeX,2,independent,CATCATTCATTCCCCATTTCGGTGATGGTCAGTTCCAGCCTCCCACCTTTGGTAACAGGCATCTTCACAACGCGGTAATCAACGACCTGAGCATCATCCAGCCAGAAACCTGCTTTAGTGAGTGCGTCAAAAGCGGCTTTTTGCAGA
NC_000913.2,RendSeq,sRNA,606959,607016,.,-,.,name=sokE; E_coli_WT; start_dist=-1.0; stop_dist=-3.0; sRNA_type=independent,sokE,2,independent,TTGGTTATCTCATTCAGCAGGCGACCGTTTTTGGTCAGCATGTCCATGTTGGCTGCGC
NC_000913.2,RendSeq,sRNA,685906,686062,.,-,.,name=sroC_id-NC_000913.2:685973..685997; E_coli_WT; start_dist=4.0; stop_dist=-2.0; sRNA_type=5'UTR,sroC_id-NC_000913.2:685973..685997,2,5'UTR,ATTACTCAGCCCATGCCTGGGAGTCGTTTACCGCCATTACGCTGGCGTATGTGTTGATTAACGCTTTTATCATGCTGGTGATGACGCTGGTTGAACGTAAAGTTCGCCTGCCTGGCAACATGGGGGGCAAATAATGTACGAGTTTGACTGGAGTTCC
NC_000913.2,RendSeq,sRNA,836659,836711,.,-,.,name=zbiJ; E_coli_WT; start_dist=43.0; stop_dist=-1.0; sRNA_type=independent,zbiJ,2,independent,TATGATGCGAGTTATGTAGCGCCACGGCGGCAATACCGTGCTGATGCGCTTTC
NC_000913.2,RendSeq,sRNA,887202,887280,.,-,.,name=rybB_rybB; E_coli_WT; start_dist=-0.0; stop_dist=-0.0; sRNA_type=3'UTR,rybB_rybB,2,3'UTR,CTTCTTTTTGCCAGGCCTGTTAATGGCGTCCTGGGCAACCCGTACGCCTGCTATCCGCGATATTCTCTCTGTCTCGATC
NC_000913.2,RendSeq,sRNA,1140252,1140390,.,+,.,name=flgO; E_coli_WT; start_dist=43.0; stop_dist=104.0; sRNA_type=independent,flgO,1,independent,TCACTGGAAGAGAGTGTACTTAGCCAGGTCACCACTGCTATCCAGAATGCTCAGGAAAAAATTGTCTACGCCAGCAATGGCACCTTGAGTGACGATGACCGGGCCTCGCTGGCTACGGATATTCAGGGGCTTCGTGACC
NC_000913.2,RendSeq,sRNA,1189389,1189832,.,+,.,name=asphoP_id-NC_000913.2:1189803..1189825; E_coli_WT; start_dist=1.0; stop_dist=7.0; sRNA_type=independent_w_isoform,asphoP_id-NC_000913.2:1189803..1189825,1,independent_w_isoform,TGGTATCGTTAACATCCGCTTCAATTTCATGAAAACCATTCGATTTCAGCCAGTCAGGCTGGATCATCTTCATCAGCCAGGGCACGTCACGTTGCGCCCATAAAAGCTGCCCGTTCTCATCATAAATTAGCGTCATGGTGGGGCTTTGCTTGTCGATATTTTCGGGTAACTCGACATGCAACTTATTGTTTTCCCACTTCGCAAGGGTATAGAACAGATTGCTCTCGCCACGTAACAGCCGAAACGTAGTTTTATCGAAACTGACGCTATAACCGATCAGCGCGACCATTCCGTAGGCAAGCGAAAGCACCAGTACTACCGCTGCCGTTGCCAACAGAAAACGTACCCGCAGCGAGAGCGGGAAAAAAAGACGCAGTAATTTTTTCATCAGCGCAATTCGAACAGATAGCCCTGGCCGCGAACGGTGGTAATCACTTCTTGGGG
NC_000913.2,RendSeq,sRNA,1189708,1189832,.,+,.,name=asphoP_id-NC_000913.2:1189803..1189825; E_coli_WT; start_dist=-95.0; stop_dist=7.0; sRNA_type=independent_w_isoform,asphoP_id-NC_000913.2:1189803..1189825,1,independent_w_isoform,CGCTGCCGTTGCCAACAGAAAACGTACCCGCAGCGAGAGCGGGAAAAAAAGACGCAGTAATTTTTTCATCAGCGCAATTCGAACAGATAGCCCTGGCCGCGAACGGTGGTAATCACTTCTTGGGG
NC_000913.2,RendSeq,sRNA,1268545,1268611,.,+,.,name=rdlA; E_coli_WT; start_dist=-1.0; stop_dist=-1.0; sRNA_type=independent_w_isoform,rdlA,1,independent_w_isoform,CATGGCGAAAACCGGTGCGGTAATTAACGTCAAGAAACCACAGTTTGTCAGCCCGGGACAGATGGGT
NC_000913.2,RendSeq,sRNA,1268545,1269075,.,+,.,name=rdlA; E_coli_WT; start_dist=-1.0; stop_dist=463.0; sRNA_type=independent_w_isoform,rdlA,1,independent_w_isoform,CATGGCGAAAACCGGTGCGGTAATTAACGTCAAGAAACCACAGTTTGTCAGCCCGGGACAGATGGGTAATATCGTTGATAAATTCAAAGAAGGCGGCAACGAAAAAGTGATTCTTTGCGATCGCGGTGCTAACTTCGGCTATGACAACCTGGTTGTCGATATGCTGGGCTTCAGCATTATGAAGAAAGTGTCTGGTAACTCGCCGGTGATTTTCGACGTGACCCACGCACTGCAATGCCGCGATCCGTTTGGCGCAGCTTCCGGTGGTCGTCGTGCTCAGGTGGCTGAGCTGGCACGAGCCGGTATGGCGGTAGGTCTGGCGGGGCTGTTTATTGAAGCGCATCCGGATCCGGAACATGCGAAATGTGATGGTCCATCCGCGCTGCCGCTGGCTAAACTGGAACCGTTCCTCAAGCAGATGAAAGCGATTGATGATCTGGTGAAAGGTTTCGAAGAACTGGATACCAGCAAGTAATCTTTTTTGCTTGAAAAATAAAGTATTAGCGTTCTGCGTTAAGACTTTTTTCATGG
NC_000913.2,RendSeq,sRNA,1269615,1269681,.,+,.,name=rdlC; E_coli_WT; start_dist=-1.0; stop_dist=-2.0; sRNA_type=independent_w_isoform,rdlC,1,independent_w_isoform,TAAAGACAAAAATGGCCGCAGGCTGTTACCCCTGCGGCCGGTTTCGGGCGCATATTGCCATCACGGC
NC_000913.2,RendSeq,sRNA,1269615,1269970,.,+,.,name=rdlC; E_coli_WT; start_dist=-1.0; stop_dist=287.0; sRNA_type=independent_w_isoform,rdlC,1,independent_w_isoform,TAAAGACAAAAATGGCCGCAGGCTGTTACCCCTGCGGCCGGTTTCGGGCGCATATTGCCATCACGGCAGCCTGACGCCCGTTTTCACCTTACTTCCGGTTACGCCACCAGCCGACAATCGCTGCGGTAATAATTCCCGCCAGGATCGGTGCCGCCAGGTCGTGCCAGAAAGTCATGGCAAACTGCGCGAGCGTCATATAGCCGCCTTGTTGTAATGACAACATTTTGCGGCTATTCTTGAAGTGTCTGGTTTCAAGATTAGCCCCCGTTCTGTTGTCAGGTTTTACCTCTCAACGTGCGGGGGTTTTCTCTTTCCAGCAACCAATGCCACCAGGGATAAAGCCCCCGCAACATTGC
NC_000913.2,RendSeq,sRNA,1403682,1403775,.,-,.,name=mcaS_mcaS; E_coli_WT; start_dist=-0.0; stop_dist=-0.0; sRNA_type=independent,mcaS_mcaS,2,independent,ATGCAATCGCCCCGCACAGCGAAGGAGCTTCCAGAGTAAACGTGGGCGTTATGCAGGCAGGAAGCGGTCGTAACGTTGTTCCTGCCTCGGCGTT
NC_000913.2,RendSeq,sRNA,1435145,1435254,.,+,.,name=micC_micC; E_coli_WT; start_dist=0.0; stop_dist=1.0; sRNA_type=independent,micC_micC,1,independent,AATGAATCAAAAAGCCCGCAGCAATGTGCGGGCGTTAGTGTCAGCGCACAACCAGCACGGAGCACTCTGCGTGACGCACTACAGCTGCGGCGTTGGAACCGAGCAGATAA
NC_000913.2,RendSeq,sRNA,1489467,1489529,.,-,.,name=rydC_rydC; E_coli_WT; start_dist=1.0; stop_dist=-0.0; sRNA_type=independent,rydC_rydC,2,independent,CCAAACTTCAGCCCTTTAATGGCTTTCATCGCGACGTTCAGATTTTGGGTATAGATTGATGAG
NC_000913.2,RendSeq,sRNA,1490143,1490197,.,+,.,name=sokB_sokB; E_coli_WT; start_dist=0.0; stop_dist=-1.0; sRNA_type=independent,sokB_sokB,1,independent,CACGCGGGCCATCCACCAGTGACTGGGTGCCAGTATAGGCATGAATGGTCGTCAT
NC_000913.2,RendSeq,sRNA,1620841,1620938,.,-,.,name=mgrR; E_coli_WT; start_dist=-0.0; stop_dist=-0.0; sRNA_type=independent,mgrR,2,independent,CCATCAGTTTTGCGCAGTTTGCTTTTCTTTTTTGTGCCATTAACTTCGGTATGCCTGCTGGACTGGCTTCGCTGGTGTTACAGGCACAGGCGTTTTTT
NC_000913.2,RendSeq,sRNA,1647206,1647463,.,+,.,name=dicF; E_coli_WT; start_dist=-200.0; stop_dist=5.0; sRNA_type=independent_w_isoform,dicF,1,independent_w_isoform,TAGGTAACTTCGGGGGCTTAACTTGCTGATGACTTTGCGTTCGGCGCGTAAGCCAGGGATGGTCAGCTTTAGGTTTAACATAGTATTTTGAGCGTAAATCAATACGGGCATTATCCACTCGTTCATGGACACTCTTTTCATCATCCAGTGGTAGCCTCCATAATTGCAGGCACTAGCGCCGTGAACTTTTCACGCTTATCCCTGGTGTCGATAGCCTTCCAGCGTTCAAATATCTTCACTCGATTAACGCCAAGCGCT
NC_000913.2,RendSeq,sRNA,1647275,1647463,.,+,.,name=dicF; E_coli_WT; start_dist=-131.0; stop_dist=5.0; sRNA_type=independent_w_isoform,dicF,1,independent_w_isoform,TAGGTTTAACATAGTATTTTGAGCGTAAATCAATACGGGCATTATCCACTCGTTCATGGACACTCTTTTCATCATCCAGTGGTAGCCTCCATAATTGCAGGCACTAGCGCCGTGAACTTTTCACGCTTATCCCTGGTGTCGATAGCCTTCCAGCGTTCAAATATCTTCACTCGATTAACGCCAAGCGCT
NC_000913.2,RendSeq,sRNA,1647405,1647463,.,+,.,name=dicF; E_coli_WT; start_dist=-1.0; stop_dist=5.0; sRNA_type=independent_w_isoform,dicF,1,independent_w_isoform,CCCTGGTGTCGATAGCCTTCCAGCGTTCAAATATCTTCACTCGATTAACGCCAAGCGCT
NC_000913.2,RendSeq,sRNA,1762732,1762792,.,-,.,name=rydB; E_coli_WT; start_dist=12.0; stop_dist=5.0; sRNA_type=independent,rydB,2,independent,CTCAATGCTGATTGGCGCTAATTGTGGGGCGCATACCTTCCCGTATGTTGAGTGTCGTAAC
NC_000913.2,RendSeq,sRNA,1768396,1768501,.,+,.,name=rprA; E_coli_WT; start_dist=0.0; stop_dist=0.0; sRNA_type=independent_w_isoform,rprA,1,independent_w_isoform,TGGTTGAGCGCCTGACCGTTAGTGCCGGTGCCGCCGCCGCGGGGGGTAAAGATCAGCGATGAATAGCGTTCCTGCGCGGCAAGACGGGCGATCAGCGCCACATCTG
NC_000913.2,RendSeq,sRNA,1768455,1768501,.,+,.,name=rprA; E_coli_WT; start_dist=59.0; stop_dist=0.0; sRNA_type=independent_w_isoform,rprA,1,independent_w_isoform,TGAATAGCGTTCCTGCGCGGCAAGACGGGCGATCAGCGCCACATCTG
NC_000913.2,RendSeq,sRNA,1768466,1768501,.,+,.,name=rprA; E_coli_WT; start_dist=70.0; stop_dist=0.0; sRNA_type=independent_w_isoform,rprA,1,independent_w_isoform,CCTGCGCGGCAAGACGGGCGATCAGCGCCACATCTG
NC_000913.2,RendSeq,sRNA,1921090,1921361,.,+,.,name=ryeA_ryeA; E_coli_WT; start_dist=0.0; stop_dist=0.0; sRNA_type=independent,ryeA_ryeA,1,independent,TTTTTGCATGTTTTCCCACAAATTTACGACTGCGAAGGCTTCTTCGTTGCTCGTCTGCGTAAAACTCAGGCGATTCCCGCCTTACCCGCCCCCAAATACAAAGTCGGTAATTTTCCGTTCAGCCCGGTGAAAGATCGCGAAGCTGGACAAATTCGTCAGGCGGCTACAGGTGTTGGCTTAAACTGGGATGAAAACCTGCGCCTCTGGCAGCGTGACAAAGAACTGTGGTTGTTCCCGGTGGGCATTGAAGCCCTGATCGGTAAAGTCCGATT
NC_000913.2,RendSeq,sRNA,1921128,1921230,.,-,.,name=sdsR_ryeB; E_coli_WT; start_dist=1.0; stop_dist=-0.0; sRNA_type=independent,sdsR_ryeB,2,independent,TTCGCGATCTTTCACCGGGCTGAACGGAAAATTACCGACTTTGTATTTGGGGGCGGGTAAGGCGGGAATCGCCTGAGTTTTACGCAGACGAGCAACGAAGAAG
NC_000913.2,RendSeq,sRNA,1956465,1956543,.,-,.,name=micL; E_coli_WT; start_dist=1.0; stop_dist=-0.0; sRNA_type=independent,micL,2,independent,AACCTTACTGCAACGTTATATGAACCTGGCGGGCGGTTATTCCGGGCATAGCGGCGATTATTCAACCGGGGCAGCACAG
NC_000913.2,RendSeq,sRNA,1989770,1989824,.,-,.,name=3'ETS-<i>leuZ</i>; E_coli_WT; start_dist=14.0; stop_dist=2.0; sRNA_type=independent_w_isoform,3'ETS-<i>leuZ</i>,2,independent_w_isoform,GCACATCAACGCCCAAAGCCCAATCAACAAGATTAACGTAACGCTAAAACCAACA
NC_000913.2,RendSeq,sRNA,1989770,1989887,.,-,.,name=3'ETS-<i>leuZ</i>_leuZ; E_coli_WT; start_dist=38.0; stop_dist=2.0; sRNA_type=independent_w_isoform,3'ETS-<i>leuZ</i>_leuZ,2,independent_w_isoform,CGTGCCCAGACCGGTATCTGCCGGAACATGCTGGTACACCTCCAGCAGTAATAGCGCCGTGTAGCACATCAACGCCCAAAGCCCAATCAACAAGATTAACGTAACGCTAAAACCAACA
NC_000913.2,RendSeq,sRNA,1989770,1989925,.,-,.,name=3'ETS-<i>leuZ</i>_leuZ; E_coli_WT; start_dist=-0.0; stop_dist=2.0; sRNA_type=independent_w_isoform,3'ETS-<i>leuZ</i>_leuZ,2,independent_w_isoform,AGCCATTGACCGTAGCGTCCCAGATAGCGTTTTGCCAGCGTGCCCAGACCGGTATCTGCCGGAACATGCTGGTACACCTCCAGCAGTAATAGCGCCGTGTAGCACATCAACGCCCAAAGCCCAATCAACAAGATTAACGTAACGCTAAAACCAACA
NC_000913.2,RendSeq,sRNA,1989770,1990011,.,-,.,name=3'ETS-<i>leuZ</i>_leuZ_cysT; E_coli_WT; start_dist=-0.0; stop_dist=2.0; sRNA_type=independent_w_isoform,3'ETS-<i>leuZ</i>_leuZ_cysT,2,independent_w_isoform,TGATGCTGGAGGCCAACAATTCACCGGCACCGCTGATGTATGCCGCAGTCAGAGCATACATTAAGAACATCATACTGAAGCCCGTCAGCCATTGACCGTAGCGTCCCAGATAGCGTTTTGCCAGCGTGCCCAGACCGGTATCTGCCGGAACATGCTGGTACACCTCCAGCAGTAATAGCGCCGTGTAGCACATCAACGCCCAAAGCCCAATCAACAAGATTAACGTAACGCTAAAACCAACA
NC_000913.2,RendSeq,sRNA,1994958,1995081,.,+,.,name=sdsN; E_coli_WT; start_dist=13.0; stop_dist=0.0; sRNA_type=independent,sdsN,1,independent,CGCCATTTGTTGAGCGATGTCAGAAGCAATGTAACGCTGCCCTGAATAGACAGAACGAATCGCACTCACGACTTCCTGCGGAGCCGCGCCTTTGCTGAGGTAGCCCGCAGCACCGGCCTGCATG
NC_000913.2,RendSeq,sRNA,2023247,2023310,.,-,.,name=dsrA_dsrA; E_coli_WT; start_dist=27.0; stop_dist=-0.0; sRNA_type=independent_w_isoform,dsrA_dsrA,2,independent_w_isoform,ATGTCAGGAACAGCAGTAACGCCAGCATATCCATGATACGCGCTAAAACGGGCATATTAAGATG
NC_000913.2,RendSeq,sRNA,2023247,2023334,.,-,.,name=dsrA_dsrA; E_coli_WT; start_dist=3.0; stop_dist=-0.0; sRNA_type=independent_w_isoform,dsrA_dsrA,2,independent_w_isoform,AAATCAACCATAAATGACCGTTAAATGTCAGGAACAGCAGTAACGCCAGCATATCCATGATACGCGCTAAAACGGGCATATTAAGATG
NC_000913.2,RendSeq,sRNA,2151334,2151444,.,+,.,name=sibA_sibA; E_coli_WT; start_dist=1.0; stop_dist=-31.0; sRNA_type=independent_w_isoform,sibA_sibA,1,independent_w_isoform,CGAGGTTATGAATAAAAAAGATGCCGATACTTTCGCAGTCAAAGCCCCGATAACCGATCACGGAAGAACCGAGCATTTCTGGCTTACGGATGTCACTTATTCTAACGGCAT
NC_000913.2,RendSeq,sRNA,2151334,2151478,.,+,.,name=sibA_sibA; E_coli_WT; start_dist=1.0; stop_dist=0.0; sRNA_type=independent_w_isoform,sibA_sibA,1,independent_w_isoform,CGAGGTTATGAATAAAAAAGATGCCGATACTTTCGCAGTCAAAGCCCCGATAACCGATCACGGAAGAACCGAGCATTTCTGGCTTACGGATGTCACTTATTCTAACGGCATGTTTATTGGCGTAATCAGCAATGACCCTGGTATT
NC_000913.2,RendSeq,sRNA,2151669,2151773,.,+,.,name=sibB_sibB; E_coli_WT; start_dist=1.0; stop_dist=-30.0; sRNA_type=independent_w_isoform,sibB_sibB,1,independent_w_isoform,AAACTGGCGGTTGAATTGTTGTCTTCAACCGCCATGAGAAACTCACTCTGCCCACAGCGCCAGTGCCAACGTTTTATCATCATCCGTACGCTCGTTTACCGCCGG
NC_000913.2,RendSeq,sRNA,2151669,2151806,.,+,.,name=sibB_sibB; E_coli_WT; start_dist=1.0; stop_dist=1.0; sRNA_type=independent_w_isoform,sibB_sibB,1,independent_w_isoform,AAACTGGCGGTTGAATTGTTGTCTTCAACCGCCATGAGAAACTCACTCTGCCCACAGCGCCAGTGCCAACGTTTTATCATCATCCGTACGCTCGTTTACCGCCGGGCTGGACAAAAACTGCTTTAACAATTCAGGTAA
NC_000913.2,RendSeq,sRNA,2165138,2165220,.,+,.,name=cyaR; E_coli_WT; start_dist=0.0; stop_dist=-4.0; sRNA_type=3'UTR,cyaR,1,3'UTR,CAGCACCTTTAGATGCTGTTTTCGATACACAATTTCAATCAAGGAGTCATTATGGCTGGTTGGTTTGAACTCAGTAAGAGCAG
NC_000913.2,RendSeq,sRNA,2165138,2165317,.,+,.,name=cyaR; E_coli_WT; start_dist=0.0; stop_dist=93.0; sRNA_type=3'UTR,cyaR,1,3'UTR,CAGCACCTTTAGATGCTGTTTTCGATACACAATTTCAATCAAGGAGTCATTATGGCTGGTTGGTTTGAACTCAGTAAGAGCAGTGATAATCAGTTCCGGTTTGTGCTAAAAGCGGGCAATGGTGAGACTATCCTCACCAGCGAGCTTTATACCTCAAAAACCTCTGCGGAAAAGGGCATC
NC_000913.2,RendSeq,sRNA,2202424,2202508,.,+,.,name=orzP; E_coli_WT; start_dist=0.0; stop_dist=2.0; sRNA_type=independent,orzP,1,independent,CGCTGGCAGCGTACAGATGTATGGTCTGCCCTGGAGCAGTTGCTTAAACAGGGTCCAATGGACATTTACCCGGCACGCATTCCAA
NC_000913.2,RendSeq,sRNA,2311106,2311198,.,+,.,name=micF; E_coli_WT; start_dist=0.0; stop_dist=0.0; sRNA_type=independent,micF,1,independent,AATTTGAACCGGCTGTTGTTCCGGGCCAAAGCCCCACAGATTCACCAGCGGCCCGACGGTTATATCCATCGCGCCATCGGTCTTCGCGCCAAT
NC_000913.2,RendSeq,sRNA,2651376,2651478,.,-,.,name=timR; E_coli_WT; start_dist=-1.0; stop_dist=2.0; sRNA_type=independent_w_isoform,timR,2,independent_w_isoform,TGTGATGAATCAGGCTGGACGTTACGATTACAGTAATCCCGCGACGCTGTTTACGTTAAGTGATATCGGCGTTTCAGCTCACCGTTATCACAATCGTCTGGAT
NC_000913.2,RendSeq,sRNA,2651376,2651798,.,-,.,name=timR; E_coli_WT; start_dist=-321.0; stop_dist=2.0; sRNA_type=independent_w_isoform,timR,2,independent_w_isoform,ATCCAACCCAGCGTCGGTTTTGCCAGCCGTGGTTCGCTGCTGCCTGGCAAAGTCGTTGAAGGGCTGCCGGTAATGGCGCTCAACGTTAATAATGTCGATGTTAACTTCTTCCGCGTTAAGCCAGAATCTCTGCCAGCATTCATTAGCCAATGGGAATACCGCAATTCGCTGGCGAACTGGCAGTCAGACAAACTGCTGCAGATGGCGGATCTGGTCTACACCGGACGGTTTGATCTCAATCCTGCGCGTAACACCCGTGAAAAATTATTGCTGCCGCTGGGCGATATCAAACCGCTTCAGCAGGCGGGCGTGTATCTGGCTGTGATGAATCAGGCTGGACGTTACGATTACAGTAATCCCGCGACGCTGTTTACGTTAAGTGATATCGGCGTTTCAGCTCACCGTTATCACAATCGTCTGGAT
NC_000913.2,RendSeq,sRNA,2651879,2652180,.,+,.,name=ryfA_timP; E_coli_WT; start_dist=2.0; stop_dist=0.0; sRNA_type=independent,ryfA_timP,1,independent,CGATCAAATCACGTTTCGGTTCGAGGTGGCGTAAACGTAACTCTTTAAGATTATCTGACAGCTCCCAGGCACCATCCACTTTGCCGCTTTTTTTATCGACGACATGAATAACGCGTGAGAAATCCTGATCCGGGTCGAGAGGGATGGAGAACGTCAGCACCAGCGTGGCTGCACCATCAAGTTGGACTTCAGAGAGATCCAGCAATGTCAGCACCTTACCGGCACTCTGTTGGGCCAGTTTTTGTCTCTCCGGCACGGAGAGTTTTGCTGAACTCGCGTTTTCTGAAGAGGCCGCTTTAGTA
NC_000913.2,RendSeq,sRNA,2689177,2689362,.,-,.,name=glmY; E_coli_WT; start_dist=-0.0; stop_dist=2.0; sRNA_type=independent_w_isoform,glmY,2,independent_w_isoform,GCTGACTATCTTTCTACTGAATGTAGCGACATCTGGGCGCTGCAAGGTAAATCAACCGAAACCAATCCGCTTTACTGGCTGCGGGCGATGGATTGTGCTGATCGTTTAATGCCTGCGCAGTCGCGTCAGCAAGCTCGCCAATATGACGACGGCAGCTGGCAAAATACCTTTAAACAAGGGATTTTG
NC_000913.2,RendSeq,sRNA,2689215,2689362,.,-,.,name=glmY; E_coli_WT; start_dist=-0.0; stop_dist=-36.0; sRNA_type=independent_w_isoform,glmY,2,independent_w_isoform,GCTGACTATCTTTCTACTGAATGTAGCGACATCTGGGCGCTGCAAGGTAAATCAACCGAAACCAATCCGCTTTACTGGCTGCGGGCGATGGATTGTGCTGATCGTTTAATGCCTGCGCAGTCGCGTCAGCAAGCTCGCCAATATGACG
NC_000913.2,RendSeq,sRNA,2698542,2698616,.,+,.,name=ohsC_ohsC; E_coli_WT; start_dist=0.0; stop_dist=-2.0; sRNA_type=independent,ohsC_ohsC,1,independent,AGTTGCCAAACCATACTCCTCTGGACTGAAACATCCTGATTAATTTTCGCTACTACATAGCCTAACAGATAGATC
NC_000913.2,RendSeq,sRNA,2732175,2732315,.,-,.,name=clpB_ryfD; E_coli_WT; start_dist=2.0; stop_dist=-0.0; sRNA_type=5'UTR,clpB_ryfD,2,5'UTR,ACTTTATGTTTGATAGCGACGAGGCGATGGTCCGTATCGATATGTCCGAGTTTATGGAGAAACACTCGGTGTCTCGTTTGGTTGGTGCGCCTCCGGGATATGTCGGTTATGAAGAAGGTGGCTACCTGACCGAAGCGGTGC
NC_000913.2,RendSeq,sRNA,2812824,2812899,.,+,.,name=micA_micA; E_coli_WT; start_dist=0.0; stop_dist=-2.0; sRNA_type=independent,micA_micA,1,independent,GCTGGCTGGCAAAGCGCGTCGGGGAAGTGAAACTGTTCCTTTGGTCCACCATCGCCTTTGCTATTGCGTCGTGGGC
NC_000913.2,RendSeq,sRNA,2922181,2922546,.,-,.,name=csrB; E_coli_WT; start_dist=-0.0; stop_dist=-3.0; sRNA_type=independent,csrB,2,independent,CTGTTGTCCTGATATGTTCAGCGAGCGGTAAATGTCGTTTTAGCGGTGCTGAATCGAATCTTTTCAGGCAAATGCCAGTAAAAACTGCTTCATAGCGCGGATTTTTACTGGCGTTTGCCTGGAGTCAAGCGATCCATTTCATACTCTTCTTTATTTCTTCGTTTTAACCCTTCCTTTCTTGTTCTTGTTTTCATTTCCGTGAAGTGGATTCCACCGTCCAGGGCTAATGCCAAAATCGGGCCTCATTGAACGCATTAATGTTGTGTTGTTGCACGGTGAGCCGCTATGGCGCGCTTTTTATACTGCTATTGCCAGATATAAACACGCGCCGTATTCGGCGAACGACCTATAAAAACGGCAAAAAAC
NC_000913.2,RendSeq,sRNA,2940718,2940923,.,+,.,name=gcvB; E_coli_WT; start_dist=0.0; stop_dist=0.0; sRNA_type=independent_w_isoform,gcvB,1,independent_w_isoform,GAATGCCCATATAGAACGGCGAATTATTGTTGCTGTATGAGTAACCGGTATAGCAGCAGCCTGGTGCAATAAAGAATACATGCACAACCGGACGCTTCGGCGTTTCATAGTTCGCCAGCACCCCGGCATCGCGCAAGGCAGCGCGTAGCGGAACAGTAAATTTACGGCAGAATTTCAGTAACTCTTTGCTTTCGTTGGTATCGGCA
NC_000913.2,RendSeq,sRNA,2940803,2940923,.,+,.,name=gcvB; E_coli_WT; start_dist=85.0; stop_dist=0.0; sRNA_type=independent_w_isoform,gcvB,1,independent_w_isoform,AACCGGACGCTTCGGCGTTTCATAGTTCGCCAGCACCCCGGCATCGCGCAAGGCAGCGCGTAGCGGAACAGTAAATTTACGGCAGAATTTCAGTAACTCTTTGCTTTCGTTGGTATCGGCA
NC_000913.2,RendSeq,sRNA,2974124,2974211,.,-,.,name=omrA; E_coli_WT; start_dist=-0.0; stop_dist=-0.0; sRNA_type=independent,omrA,2,independent,GACGAGCAGGGCTTTGTGCAGATTCAGGGCCGCGCAAAACGCTTTGCCAAAATTGCAGGCGAAATGGTGTCGCTGGAAATGGTGGAAC
NC_000913.2,RendSeq,sRNA,2974326,2974407,.,-,.,name=omrB; E_coli_WT; start_dist=-0.0; stop_dist=-0.0; sRNA_type=independent,omrB,2,independent,TCTACCAGGAATGGATGCGCGCCTGTTGTCGGTCCCTGGTATCGAAGAGGGCGGACGCCTGCAACTGAAAGGGCCGAACATA
NC_000913.2,RendSeq,sRNA,3054005,3054189,.,+,.,name=ssrS; E_coli_WT; start_dist=0.0; stop_dist=2.0; sRNA_type=independent,ssrS,1,independent,ACCGGGAAGGTGCGGGTAATATCGCCAGCGTAACCTTTGTATTCACAACCCGCGTCAATCAACACCAGGTCGCCGTCGCGCATTTCACACTCGTTTTCGGTGTAGTGCAGAATGCAGCCGTTTTCACCGCTGCCGACAATGGTGTTATAGGACGGATAGCGCGCACCGTGGCGGTTAAATTCGTG
NC_000913.2,RendSeq,sRNA,3054873,3054981,.,+,.,name=sibC_sibC; E_coli_WT; start_dist=0.0; stop_dist=-29.0; sRNA_type=independent_w_isoform,sibC_sibC,1,independent_w_isoform,AGAGTCGGTTTTTGTACTTCTGGCGCGGTCGGTTGCGGATGAGTAAAGGTGTCGTGGCATAACAGCGCGGCAACACGAACGTATTCGATGATCTCTTCAAGCGACATTT
NC_000913.2,RendSeq,sRNA,3054873,3055013,.,+,.,name=sibC_sibC; E_coli_WT; start_dist=0.0; stop_dist=0.0; sRNA_type=independent_w_isoform,sibC_sibC,1,independent_w_isoform,AGAGTCGGTTTTTGTACTTCTGGCGCGGTCGGTTGCGGATGAGTAAAGGTGTCGTGGCATAACAGCGCGGCAACACGAACGTATTCGATGATCTCTTCAAGCGACATTTCAAGCTCTTCCTGATCTTCGTCTTCGTCGTAA
NC_000913.2,RendSeq,sRNA,3065228,3065361,.,+,.,name=och5; E_coli_WT; start_dist=19.0; stop_dist=-5.0; sRNA_type=independent,och5,1,independent,GGGATCGGTAATGCGCCGACCTGGCTGCTGCGGGCGAAGAAAGTGATCATTGAACTCAATCACTATCACGATCCGCGCGTTGCAGAACTGGCGGATATTGTGATTCCTGGCGCGCCACCGCGGCGCAATAGCGT
NC_000913.2,RendSeq,sRNA,3192742,3192887,.,-,.,name=sibD_sibD; E_coli_WT; start_dist=-0.0; stop_dist=1.0; sRNA_type=independent,sibD_sibD,2,independent,CACAGAATTAACAATATCATCCATTATTAAATTTCCTTTTGATTAATAAATTACAATATTTGGGGCCAGGGATTATTTTCCGCCAAATATCGCGTTGCAGAAAGTCGGCAAATAATTAACACTTTGTCTCCTTTAGTGAAAATTTT
NC_000913.2,RendSeq,sRNA,3192938,3193262,.,-,.,name=sibE_sibE; E_coli_WT; start_dist=-0.0; stop_dist=181.0; sRNA_type=independent_w_isoform,sibE_sibE,2,independent_w_isoform,AACCAACATACGTAAGTCTTCAGGCGACAGGGTGCGTTGCCCCAGCGTCTGGGCAGCGGTGGCAATCCCTTCTACTGAAGGTTTTACCCGCACAAAGAAAGCGACTACTACATCGACGCGCATACGATCTTTCGTAATCAGGCTATCAATGGTTGAGCGGCTGACTTCCAGCTTCAGAGTATTCATATTGATGGGGATTATTTCATGAAAGATCGGCATCACGATTGCGCCACCGCTCATTACCACTTTTTGCCCACCTAAACCAGTACGAACAAAAGCTTGCTCTGCCGAAGCGCGACGATAGAGCCTGGCGAAAATAATTCCA
NC_000913.2,RendSeq,sRNA,3193118,3193262,.,-,.,name=sibE_sibE; E_coli_WT; start_dist=-0.0; stop_dist=1.0; sRNA_type=independent_w_isoform,sibE_sibE,2,independent_w_isoform,AACCAACATACGTAAGTCTTCAGGCGACAGGGTGCGTTGCCCCAGCGTCTGGGCAGCGGTGGCAATCCCTTCTACTGAAGGTTTTACCCGCACAAAGAAAGCGACTACTACATCGACGCGCATACGATCTTTCGTAATCAGGCTA
NC_000913.2,RendSeq,sRNA,3348599,3348718,.,+,.,name=arcZ; E_coli_WT; start_dist=0.0; stop_dist=-1.0; sRNA_type=independent_w_isoform,arcZ,1,independent_w_isoform,TACGCGCATCTTGGTCGCCGGTTAAAAGACTGGAGTGGAATACCGCGCTATCACGGTACCGTTGAGACGGATTGCGGAACCGGTTATGTCTACGATGTGATTGCAGATTTTGACGGCAAG
NC_000913.2,RendSeq,sRNA,3348664,3348718,.,+,.,name=arcZ; E_coli_WT; start_dist=65.0; stop_dist=-1.0; sRNA_type=independent_w_isoform,arcZ,1,independent_w_isoform,GACGGATTGCGGAACCGGTTATGTCTACGATGTGATTGCAGATTTTGACGGCAAG
NC_000913.2,RendSeq,sRNA,3578946,3579039,.,-,.,name=ryhB_ryhB; E_coli_WT; start_dist=-0.0; stop_dist=-1.0; sRNA_type=independent,ryhB_ryhB,2,independent,GATGGTCTGGCAATCTGGGATGAGCAGGCAATCTCCATCCATGCGGATAGCGACAGCGAAGTGTTACTGTTCGATCTGCCGCCGGTTTAAAACT
NC_000913.2,RendSeq,sRNA,3645885,3646169,.,+,.,name=agrA; E_coli_WT; start_dist=-201.0; stop_dist=2.0; sRNA_type=independent_w_isoform,agrA,1,independent_w_isoform,TGAAATGAAAACTGACTATCAAGCGGTGGTCAGCGGGATAGCAGAAGGTTACAAACGTTTCGCCACTGGTATTTACGCACTGTGGTATCCGGTGGTGCTGCGTCAGCAAATTAAGCGCATGATCCACGATCTGGAAGCGACCGGTATTCGCAAAATTCTGCAAATTGAACTGGCGGTACTGCCAGACAGCGATCGCCGTGGCATGACCGCTTCCGGCATGATTGTGATTAACCCGCCGTGGAAACTGGAACAACAGATGAATAACGTGCTGCCGTGGCTGCACAG
NC_000913.2,RendSeq,sRNA,3646085,3646169,.,+,.,name=agrA; E_coli_WT; start_dist=-1.0; stop_dist=2.0; sRNA_type=independent_w_isoform,agrA,1,independent_w_isoform,GCATGACCGCTTCCGGCATGATTGTGATTAACCCGCCGTGGAAACTGGAACAACAGATGAATAACGTGCTGCCGTGGCTGCACAG
NC_000913.2,RendSeq,sRNA,3646085,3646400,.,+,.,name=agrA_agrB; E_coli_WT; start_dist=-1.0; stop_dist=2.0; sRNA_type=independent_w_isoform,agrA_agrB,1,independent_w_isoform,GCATGACCGCTTCCGGCATGATTGTGATTAACCCGCCGTGGAAACTGGAACAACAGATGAATAACGTGCTGCCGTGGCTGCACAGCAAACTGGTTCCGGCAGGCACCGGGCACGCCACCGTAAGCTGGATCGTGCCGGAGTAATTGCAGCCATTGCTGGCACCTATTACGTCTCGCGCTACAATCGCGGTAATCAACGATAAGGACACTTTGTCATGACTAAACACTATGATTACATCGCCATCGGCGGCGGCAGCGGCGGTATCGCCTCCATCAACCGCGCGGCTATGTACGGCCAGAAATGTGCGCTGATTGAA
NC_000913.2,RendSeq,sRNA,3646315,3646400,.,+,.,name=agrB; E_coli_WT; start_dist=-2.0; stop_dist=2.0; sRNA_type=independent_w_isoform,agrB,1,independent_w_isoform,ATTACATCGCCATCGGCGGCGGCAGCGGCGGTATCGCCTCCATCAACCGCGCGGCTATGTACGGCCAGAAATGTGCGCTGATTGAA
NC_000913.2,RendSeq,sRNA,3662902,3662992,.,+,.,name=gadY_gadY; E_coli_WT; start_dist=15.0; stop_dist=0.0; sRNA_type=independent_w_isoform,gadY_gadY,1,independent_w_isoform,CGGCCGGGAAAAGTACCGGTGACGCCATGAAATTTATGGCAGACCTGGTCGCTAAACTTCCGGCAGGCGTCGGCTACTCATGGACCGGACT
NC_000913.2,RendSeq,sRNA,3662933,3662992,.,+,.,name=gadY_gadY; E_coli_WT; start_dist=46.0; stop_dist=0.0; sRNA_type=independent_w_isoform,gadY_gadY,1,independent_w_isoform,ATTTATGGCAGACCTGGTCGCTAAACTTCCGGCAGGCGTCGGCTACTCATGGACCGGACT
NC_000913.2,RendSeq,sRNA,3698159,3698224,.,+,.,name=rdlD_rdlD; E_coli_WT; start_dist=0.0; stop_dist=0.0; sRNA_type=independent,rdlD_rdlD,1,independent,ATGTTAAACCGGCCGGGACGTTACGCCGCACGGAAAAAGCCAGGGCAACCAAAAAATGACTCAATT
NC_000913.2,RendSeq,sRNA,3984455,3984608,.,+,.,name=glmZ_glmZ; E_coli_WT; start_dist=0.0; stop_dist=-18.0; sRNA_type=independent_w_isoform,glmZ_glmZ,1,independent_w_isoform,CCGATGGAGTCGCTTTCCTGCGGATCGGTGTAGAGGTTAAACACCGACGATCCCGCCGTTTGCATTACTGTGCCGGTGAATCCACCCTGATATCCGCTCTGGGTATAAGCGTAAGGTTGCTGAATCAGGACGTGATACTTGAACTCATCCATAC
NC_000913.2,RendSeq,sRNA,3984455,3984661,.,+,.,name=glmZ_glmZ; E_coli_WT; start_dist=0.0; stop_dist=0.0; sRNA_type=independent_w_isoform,glmZ_glmZ,1,independent_w_isoform,CCGATGGAGTCGCTTTCCTGCGGATCGGTGTAGAGGTTAAACACCGACGATCCCGCCGTTTGCATTACTGTGCCGGTGAATCCACCCTGATATCCGCTCTGGGTATAAGCGTAAGGTTGCTGAATCAGGACGTGATACTTGAACTCATCCATACGCACAGCAGCGAGTTTACCGTTGAGGAAGTAGTGCTCGGCCTTACGGTTAGAC
NC_000913.2,RendSeq,sRNA,4047847,4048029,.,+,.,name=spf_spf_spfP; E_coli_WT; start_dist=-75.0; stop_dist=-1.0; sRNA_type=3'UTR,spf_spf_spfP,1,3'UTR,CAAATGGTTACAGGCCAAAGGGGCAAAACCAGCCGCGAAGCCACAGGAAACCAGTGTTGCAGACGAAGCACCAGAAGTGACGGCAACGGTGATTTCTTATGACAACTACGTCACCATCCTTGATGAAGAAACACTGAAAGCGTGGATTGCGAAGCTGGAAAAAGCGCCGGTATTTGCATTTGA
NC_000913.2,RendSeq,sRNA,4047922,4048029,.,+,.,name=spf_spf_spfP; E_coli_WT; start_dist=0.0; stop_dist=-1.0; sRNA_type=3'UTR,spf_spf_spfP,1,3'UTR,AGTGACGGCAACGGTGATTTCTTATGACAACTACGTCACCATCCTTGATGAAGAAACACTGAAAGCGTGGATTGCGAAGCTGGAAAAAGCGCCGGTATTTGCATTTGA
NC_000913.2,RendSeq,sRNA,4049059,4049302,.,+,.,name=csrC_csrC; E_coli_WT; start_dist=0.0; stop_dist=-1.0; sRNA_type=independent,csrC_csrC,1,independent,TTATGTGATTGTCTCAGCGGACTACTCGCAGATTGAACTGCGCATTATGGCGCATCTTTCGCGTGACAAAGGCTTGCTGACCGCATTCGCGGAAGGAAAAGATATCCACCGGGCAACGGCGGCAGAAGTGTTTGGTTTGCCACTGGAAACCGTCACCAGCGAGCAACGCCGTAGCGCGAAAGCGATCAACTTTGGTCTGATTTATGGCATGAGTGCTTTCGGTCTGGCGCGGCAATTGAACATT
NC_000913.2,RendSeq,sRNA,4054451,4054625,.,-,.,name=glnZ_id-NC_000913.2:4054494..4054578; E_coli_WT; start_dist=19.0; stop_dist=-0.0; sRNA_type=3'UTR,glnZ_id-NC_000913.2:4054494..4054578,2,3'UTR,TGGCGCGAATACCATTCGTCAGGGGCGTTTTGAACAGGCCGATGGCGGTACATTATTCCTCGACGAAATTGGTGATATGCCGCTGGATGTGCAGACGCGTTTGCTGCGCGTGCTGGCAGACGGTCAGTTTTACCGCGTTGGCGGCTATGCGCCGGTGAAAGTGGATGTGCGGATT
NC_000913.2,RendSeq,sRNA,4054451,4054644,.,-,.,name=glnZ_id-NC_000913.2:4054494..4054578; E_coli_WT; start_dist=-0.0; stop_dist=-0.0; sRNA_type=3'UTR,glnZ_id-NC_000913.2:4054494..4054578,2,3'UTR,ACGAGAAAGGCGCGTTTACTGGCGCGAATACCATTCGTCAGGGGCGTTTTGAACAGGCCGATGGCGGTACATTATTCCTCGACGAAATTGGTGATATGCCGCTGGATGTGCAGACGCGTTTGCTGCGCGTGCTGGCAGACGGTCAGTTTTACCGCGTTGGCGGCTATGCGCCGGTGAAAGTGGATGTGCGGATT
NC_000913.2,RendSeq,sRNA,4104353,4104410,.,+,.,name=cpxQ; E_coli_WT; start_dist=0.0; stop_dist=0.0; sRNA_type=3'UTR,cpxQ,1,3'UTR,TGCTGGCGTAAGTTTCCCTGGGCAACTTCATCGGCAGCGTTTTTCAGCTTACGCGCCG
NC_000913.2,RendSeq,sRNA,4156302,4156418,.,-,.,name=oxyS_oxyS; E_coli_WT; start_dist=-1.0; stop_dist=-1.0; sRNA_type=independent,oxyS_oxyS,2,independent,AGGAGTTGATAAGCTTAGGCGAACCTGGCTGCGCCAGTCCAACATGACCTAACTCTTCATCAAGCTGGGTCACTTTGACGCTGTCGCCGTCACCGAGAAACAAACCTACGGCCGCAA
NC_000913.2,RendSeq,sRNA,4188346,4188510,.,-,.,name=sroH; E_coli_WT; start_dist=-0.0; stop_dist=4.0; sRNA_type=independent,sroH,2,independent,GTCAGTTCGTCGGTCTGACGCGTAATGGTCTGGCCGTCGATCATGTCAGTAAAGCGTACAAAACCGCTTACTTCGGTGATAACCGGCATGGTGTGCGGGTCCCAGTTTGCAACGGTTTCGCCGCCAGCAACCTGTTCGCCATCGCCTTTCGCCAGTACCGCACCG
NC_000913.2,RendSeq,sRNA,4261197,4261269,.,+,.,name=pspH; E_coli_WT; start_dist=35.0; stop_dist=-3.0; sRNA_type=independent,pspH,1,independent,TAATTAGCTTCGCGAAGTCGTTTGACCCAACCTCAAAGGAAGAGATTAAAATACTTACAGACACTTCTAAATT
NC_000913.2,RendSeq,sRNA,4525999,4526135,.,+,.,name=ryjB; E_coli_WT; start_dist=-1.0; stop_dist=46.0; sRNA_type=independent_w_isoform,ryjB,1,independent_w_isoform,TGGATTGCGCCTAGAGCTTCTTTATTCGTTCGAGCGCATCGCCAATATTTTCTATTGGGTGCCATTGATTATTTTTGCTTGAAATCCCTCTCGAATGAACTTACTTATCACTTTATTGAATGAGGTAAAAACAACTG
NC_000913.2,RendSeq,sRNA,4526044,4526135,.,+,.,name=ryjB; E_coli_WT; start_dist=44.0; stop_dist=46.0; sRNA_type=independent_w_isoform,ryjB,1,independent_w_isoform,TATTTTCTATTGGGTGCCATTGATTATTTTTGCTTGAAATCCCTCTCGAATGAACTTACTTATCACTTTATTGAATGAGGTAAAAACAACTG
NC_000913.2,RendSeq,sRNA,4577858,4577935,.,+,.,name=symR; E_coli_WT; start_dist=0.0; stop_dist=1.0; sRNA_type=independent,symR,1,independent,GGTATGGCTTCAAGGTTTGCCTGCTTAATTTCCTGTAAATAACCCCATGCATAGGTAAGCATGTAATAGATATTACGG
